dinov2_probe_attention_matched.json	8
dinov2_probe_attention_raw.json	8
dinov2_probe_mean_matched.json	8
dinov2_probe_mean_raw.json	8
kimi_k26_probe_attention_matched.json	10
kimi_k26_probe_attention_raw.json	10
kimi_k26_probe_mean_matched.json	10
kimi_k26_probe_mean_raw.json	10
moonvit_v2_probe_attention_matched.json	10
moonvit_v2_probe_attention_raw.json	10
moonvit_v2_probe_mean_matched.json	10
moonvit_v2_probe_mean_raw.json	10
muse_glimmer_probe_attention_matched.json	10
muse_glimmer_probe_attention_raw.json	10
muse_glimmer_probe_mean_matched.json	10
muse_glimmer_probe_mean_raw.json	10
qwen3_5_probe_attention_matched.json	10
qwen3_5_probe_attention_raw.json	10
qwen3_5_probe_mean_matched.json	10
qwen3_5_probe_mean_raw.json	10
siglip2_probe_attention_matched.json	8
siglip2_probe_attention_raw.json	8
siglip2_probe_mean_matched.json	8
siglip2_probe_mean_raw.json	8
