dinov2_probe_attention_matched_f001.json	1
dinov2_probe_attention_matched_f005.json	1
dinov2_probe_attention_matched_f020.json	1
dinov2_probe_attention_matched_f10.json	1
dinov2_probe_mean_matched_f001.json	1
dinov2_probe_mean_matched_f005.json	1
dinov2_probe_mean_matched_f020.json	1
dinov2_probe_mean_matched_f10.json	1
kimi_k26_probe_attention_matched_f001.json	1
kimi_k26_probe_attention_matched_f005.json	1
kimi_k26_probe_attention_matched_f020.json	1
kimi_k26_probe_attention_matched_f10.json	1
kimi_k26_probe_mean_matched_f001.json	1
kimi_k26_probe_mean_matched_f005.json	1
kimi_k26_probe_mean_matched_f020.json	1
kimi_k26_probe_mean_matched_f10.json	1
moonvit_v2_probe_attention_matched_f001.json	1
moonvit_v2_probe_attention_matched_f005.json	1
moonvit_v2_probe_attention_matched_f020.json	1
moonvit_v2_probe_attention_matched_f10.json	1
moonvit_v2_probe_mean_matched_f001.json	1
moonvit_v2_probe_mean_matched_f005.json	1
moonvit_v2_probe_mean_matched_f020.json	1
moonvit_v2_probe_mean_matched_f10.json	1
muse_glimmer_probe_attention_matched_f001.json	1
muse_glimmer_probe_attention_matched_f005.json	1
muse_glimmer_probe_attention_matched_f020.json	1
muse_glimmer_probe_attention_matched_f10.json	1
muse_glimmer_probe_mean_matched_f001.json	1
muse_glimmer_probe_mean_matched_f005.json	1
muse_glimmer_probe_mean_matched_f020.json	1
muse_glimmer_probe_mean_matched_f10.json	1
qwen3_5_probe_attention_matched_f001.json	1
qwen3_5_probe_attention_matched_f005.json	1
qwen3_5_probe_attention_matched_f020.json	1
qwen3_5_probe_attention_matched_f10.json	1
qwen3_5_probe_mean_matched_f001.json	1
qwen3_5_probe_mean_matched_f005.json	1
qwen3_5_probe_mean_matched_f020.json	1
qwen3_5_probe_mean_matched_f10.json	1
siglip2_probe_attention_matched_f001.json	1
siglip2_probe_attention_matched_f005.json	1
siglip2_probe_attention_matched_f020.json	1
siglip2_probe_attention_matched_f10.json	1
siglip2_probe_mean_matched_f001.json	1
siglip2_probe_mean_matched_f005.json	1
siglip2_probe_mean_matched_f020.json	1
siglip2_probe_mean_matched_f10.json	1
